               epoch,      train/box_loss,      train/obj_loss,      train/cls_loss,   metrics/precision,      metrics/recall,     metrics/mAP_0.5,metrics/mAP_0.5:0.95,        val/box_loss,        val/obj_loss,        val/cls_loss,               x/lr0,               x/lr1,               x/lr2
                   0,            0.051242,             0.01787,            0.036525,             0.26921,             0.84124,             0.37945,             0.27425,            0.020008,            0.004255,            0.023137,            0.070142,           0.0033175,           0.0033175
                   1,            0.030249,            0.009916,            0.033346,             0.46314,             0.77073,             0.43396,             0.32999,            0.012439,           0.0026767,            0.022473,            0.040109,           0.0066179,           0.0066179
                   2,            0.023471,           0.0075613,            0.032306,             0.47935,               0.787,             0.45223,             0.36011,            0.013114,           0.0027904,            0.021811,            0.010043,           0.0098854,           0.0098854
                   3,            0.018668,           0.0063484,            0.031879,             0.44876,             0.80759,              0.4597,             0.40092,           0.0065363,            0.002312,             0.02175,           0.0098515,           0.0098515,           0.0098515
                   4,            0.015866,           0.0056783,            0.031521,             0.42804,              0.8219,             0.49529,             0.45965,           0.0052879,           0.0020639,            0.021925,           0.0098515,           0.0098515,           0.0098515
                   5,            0.014655,            0.005297,             0.03135,             0.41058,             0.82001,             0.51923,             0.48884,           0.0055912,           0.0019203,            0.020597,            0.009802,            0.009802,            0.009802
                   6,            0.013788,           0.0051271,            0.030959,             0.45131,              0.7795,             0.51149,             0.48379,           0.0050274,           0.0020051,            0.021309,           0.0097525,           0.0097525,           0.0097525
                   7,            0.013026,           0.0049828,            0.031185,             0.46823,             0.80857,             0.52814,             0.49725,           0.0047801,           0.0018855,            0.021094,            0.009703,            0.009703,            0.009703
                   8,            0.012589,           0.0048606,            0.031011,             0.47344,              0.7378,             0.53732,             0.51072,           0.0047111,           0.0019541,            0.020189,           0.0096535,           0.0096535,           0.0096535
                   9,            0.012167,           0.0047187,            0.030922,             0.47341,             0.79777,             0.49849,             0.47211,           0.0045897,           0.0018413,            0.021426,            0.009604,            0.009604,            0.009604
                  10,            0.011649,           0.0046227,            0.030824,             0.44285,             0.79348,             0.48768,             0.46661,           0.0043486,           0.0019335,             0.02182,           0.0095545,           0.0095545,           0.0095545
                  11,            0.011331,           0.0045515,            0.030676,             0.45222,             0.78274,             0.54176,             0.52369,           0.0040172,           0.0017243,             0.02036,            0.009505,            0.009505,            0.009505
                  12,            0.011103,           0.0044499,            0.030765,             0.50064,             0.78174,             0.54555,             0.52264,             0.00448,           0.0016983,            0.020616,           0.0094555,           0.0094555,           0.0094555
                  13,            0.010888,           0.0044242,            0.030695,              0.4769,             0.77544,             0.52186,             0.50309,           0.0039752,           0.0017754,            0.020377,            0.009406,            0.009406,            0.009406
                  14,            0.010727,           0.0044011,            0.030711,             0.48299,             0.80814,             0.54522,             0.52411,            0.004203,           0.0017378,             0.02053,           0.0093565,           0.0093565,           0.0093565
                  15,            0.010511,           0.0043692,            0.030728,             0.49762,             0.80078,             0.54506,             0.52664,           0.0039261,           0.0017159,             0.02091,            0.009307,            0.009307,            0.009307
                  16,            0.010285,           0.0043218,            0.030565,             0.50355,             0.79139,             0.55395,             0.53668,           0.0039169,           0.0016902,            0.020878,           0.0092575,           0.0092575,           0.0092575
                  17,            0.010312,           0.0043017,            0.030523,             0.49774,              0.7574,             0.55936,             0.54077,           0.0038821,           0.0016351,             0.01992,            0.009208,            0.009208,            0.009208
                  18,            0.010169,           0.0042842,            0.030548,             0.49753,             0.78226,              0.5451,             0.52734,           0.0039506,           0.0017377,            0.020365,           0.0091585,           0.0091585,           0.0091585
                  19,            0.010081,           0.0042414,            0.030394,             0.51266,             0.76049,              0.5674,                0.55,           0.0039054,           0.0017456,            0.019845,            0.009109,            0.009109,            0.009109
                  20,             0.01006,           0.0042633,            0.030465,             0.50948,             0.75745,             0.56928,             0.55518,            0.003778,           0.0016326,            0.019693,           0.0090595,           0.0090595,           0.0090595
                  21,           0.0098376,           0.0042204,             0.03034,             0.47951,             0.75149,             0.53184,              0.5152,           0.0038597,           0.0017786,            0.020365,             0.00901,             0.00901,             0.00901
                  22,           0.0097866,           0.0042227,            0.030392,             0.49693,             0.78857,             0.54801,             0.53346,           0.0037376,           0.0016637,            0.021622,           0.0089605,           0.0089605,           0.0089605
                  23,           0.0097328,            0.004154,            0.030417,             0.49091,             0.82745,             0.56341,             0.54691,            0.003831,           0.0016371,            0.020774,            0.008911,            0.008911,            0.008911
                  24,           0.0096048,           0.0041299,             0.03043,             0.51252,             0.74251,             0.57239,             0.55967,           0.0037358,           0.0016913,            0.019866,           0.0088615,           0.0088615,           0.0088615
                  25,           0.0096278,           0.0041006,            0.030383,              0.4861,             0.77836,             0.55174,             0.53821,           0.0037721,           0.0016799,            0.019972,            0.008812,            0.008812,            0.008812
                  26,            0.009588,           0.0040996,            0.030134,             0.51262,             0.78539,             0.57726,             0.56522,           0.0036768,           0.0016304,            0.020142,           0.0087625,           0.0087625,           0.0087625
                  27,           0.0095752,           0.0041247,            0.030194,             0.50297,             0.75944,             0.56997,             0.55789,           0.0036506,           0.0015935,            0.019598,            0.008713,            0.008713,            0.008713
                  28,            0.009486,           0.0041021,            0.030456,             0.50211,             0.75593,             0.57439,             0.56149,           0.0036896,           0.0016296,            0.019603,           0.0086635,           0.0086635,           0.0086635
                  29,           0.0094097,           0.0040673,            0.030226,             0.51005,             0.77524,             0.57895,             0.56669,           0.0036188,           0.0015966,            0.019524,            0.008614,            0.008614,            0.008614
                  30,           0.0093785,           0.0040762,            0.030265,             0.50946,             0.75228,              0.5755,              0.5623,           0.0036497,           0.0016138,            0.019339,           0.0085645,           0.0085645,           0.0085645
                  31,           0.0093154,           0.0040772,            0.030272,             0.50723,             0.76965,              0.5799,             0.56809,           0.0036075,           0.0016192,            0.019443,            0.008515,            0.008515,            0.008515
                  32,            0.009286,           0.0040619,            0.030204,             0.52882,             0.76929,             0.57735,             0.56618,           0.0035177,           0.0016222,            0.019701,           0.0084655,           0.0084655,           0.0084655
                  33,           0.0093492,           0.0040415,            0.030262,             0.51298,             0.78388,             0.57738,             0.56608,           0.0035668,           0.0015978,             0.01993,            0.008416,            0.008416,            0.008416
                  34,           0.0091731,           0.0040683,             0.03008,              0.5057,             0.75872,             0.57816,             0.56692,            0.003578,           0.0015698,            0.019558,           0.0083665,           0.0083665,           0.0083665
                  35,           0.0091549,            0.004019,            0.030164,             0.50146,             0.75331,             0.58169,              0.5696,           0.0035379,           0.0016449,            0.019452,            0.008317,            0.008317,            0.008317
                  36,           0.0091487,           0.0040052,            0.030272,             0.52593,             0.74943,             0.59017,             0.57941,           0.0035154,           0.0015471,            0.019472,           0.0082675,           0.0082675,           0.0082675
                  37,           0.0091588,           0.0039968,            0.030204,             0.51466,              0.7576,             0.59347,             0.58203,           0.0035492,           0.0015792,             0.01928,            0.008218,            0.008218,            0.008218
                  38,           0.0091095,           0.0039996,            0.030043,             0.51796,              0.7576,             0.58949,             0.57929,           0.0035164,           0.0015866,            0.019292,           0.0081685,           0.0081685,           0.0081685
                  39,            0.009088,           0.0040467,            0.030097,             0.50128,             0.75386,             0.58597,             0.57533,           0.0035522,           0.0015875,            0.019341,            0.008119,            0.008119,            0.008119
                  40,           0.0090541,           0.0039487,            0.030044,             0.52002,             0.76915,             0.58913,             0.57899,           0.0034813,           0.0016104,             0.01938,           0.0080695,           0.0080695,           0.0080695
                  41,            0.009028,           0.0039454,            0.030129,              0.5115,             0.76447,             0.58928,             0.57859,           0.0035006,           0.0015784,             0.01931,             0.00802,             0.00802,             0.00802
                  42,           0.0089721,            0.003979,            0.030032,               0.515,             0.77864,             0.58836,             0.57811,           0.0035195,           0.0015647,            0.019303,           0.0079705,           0.0079705,           0.0079705
                  43,           0.0089312,           0.0039857,            0.030151,              0.5153,             0.76784,             0.59003,             0.58014,           0.0034966,           0.0015841,            0.019324,            0.007921,            0.007921,            0.007921
                  44,           0.0089885,           0.0039162,            0.030023,             0.53001,             0.74905,             0.59692,             0.58694,           0.0034668,           0.0015937,            0.019201,           0.0078715,           0.0078715,           0.0078715
                  45,           0.0088487,           0.0039652,             0.02996,             0.52248,             0.77196,             0.59889,             0.58858,           0.0034699,           0.0016004,            0.019256,            0.007822,            0.007822,            0.007822
                  46,           0.0088896,           0.0039407,             0.02991,             0.53289,             0.75613,             0.60076,             0.59082,           0.0034786,           0.0015697,            0.019172,           0.0077725,           0.0077725,           0.0077725
                  47,           0.0088548,           0.0039335,            0.030068,             0.51852,             0.76802,             0.59898,              0.5883,           0.0034788,           0.0015836,            0.019227,            0.007723,            0.007723,            0.007723
                  48,           0.0088493,           0.0039367,            0.029946,             0.51438,             0.76152,              0.5928,              0.5828,           0.0034634,           0.0015779,            0.019222,           0.0076735,           0.0076735,           0.0076735
                  49,            0.008842,           0.0039491,            0.029863,             0.50738,              0.7652,             0.59638,             0.58635,           0.0034583,           0.0016074,            0.019135,            0.007624,            0.007624,            0.007624
                  50,           0.0087389,           0.0039399,            0.029956,             0.52121,             0.75716,             0.60032,             0.59045,           0.0034601,           0.0015841,            0.019069,           0.0075745,           0.0075745,           0.0075745
                  51,           0.0088558,           0.0039485,            0.029952,             0.51295,             0.75527,             0.59822,             0.58856,           0.0034503,           0.0015669,            0.019129,            0.007525,            0.007525,            0.007525
                  52,           0.0088177,           0.0039384,            0.030126,             0.51932,             0.75872,             0.60052,             0.59023,           0.0034555,           0.0015693,             0.01908,           0.0074755,           0.0074755,           0.0074755
                  53,           0.0087649,           0.0039086,            0.029976,              0.5192,              0.7582,             0.60195,             0.59196,           0.0034499,           0.0015604,            0.019099,            0.007426,            0.007426,            0.007426
                  54,             0.00873,           0.0039165,            0.029979,             0.51268,             0.76187,             0.59945,             0.58954,           0.0034551,           0.0015654,            0.019157,           0.0073765,           0.0073765,           0.0073765
                  55,           0.0085936,           0.0038932,            0.029816,             0.51156,             0.76739,              0.6009,             0.59081,           0.0034452,           0.0015634,            0.019136,            0.007327,            0.007327,            0.007327
                  56,           0.0085279,           0.0038875,            0.029811,             0.51935,              0.7621,             0.60409,             0.59443,           0.0034507,            0.001559,            0.019082,           0.0072775,           0.0072775,           0.0072775
                  57,           0.0086608,           0.0038875,            0.030024,             0.51914,             0.75453,             0.60325,             0.59351,           0.0034472,           0.0015609,            0.019071,            0.007228,            0.007228,            0.007228
                  58,           0.0085893,           0.0039032,             0.02997,             0.51656,             0.75805,             0.60395,             0.59413,           0.0034457,           0.0015651,            0.019056,           0.0071785,           0.0071785,           0.0071785
                  59,           0.0085376,            0.003868,            0.030048,             0.51908,             0.76384,             0.60485,             0.59511,           0.0034537,           0.0015651,             0.01904,            0.007129,            0.007129,            0.007129
                  60,           0.0086742,           0.0039031,            0.029762,              0.5144,             0.77022,             0.60351,              0.5935,           0.0034381,           0.0015622,             0.01906,           0.0070795,           0.0070795,           0.0070795
                  61,           0.0086026,           0.0038442,            0.029957,             0.51679,             0.76444,             0.60322,             0.59334,           0.0034388,           0.0015616,            0.019065,             0.00703,             0.00703,             0.00703
                  62,           0.0085595,           0.0038617,            0.029866,             0.51794,             0.76836,             0.60349,             0.59377,           0.0034383,           0.0015647,            0.019052,           0.0069805,           0.0069805,           0.0069805
                  63,           0.0085608,           0.0038813,             0.02983,              0.5166,             0.77649,             0.60447,             0.59444,           0.0034425,           0.0015636,            0.019024,            0.006931,            0.006931,            0.006931
                  64,           0.0084798,           0.0038699,            0.029861,             0.51416,             0.78296,             0.60562,             0.59568,            0.003436,            0.001563,            0.019014,           0.0068815,           0.0068815,           0.0068815
                  65,           0.0085219,           0.0038221,            0.029806,             0.51426,             0.78378,             0.60666,             0.59656,           0.0034363,           0.0015689,            0.019013,            0.006832,            0.006832,            0.006832
                  66,           0.0085346,           0.0038662,            0.029931,              0.5127,             0.78415,             0.60624,             0.59658,           0.0034346,           0.0015671,            0.019004,           0.0067825,           0.0067825,           0.0067825
                  67,           0.0085609,           0.0038471,            0.029697,              0.5129,             0.78348,             0.60679,             0.59703,           0.0034325,            0.001571,            0.018993,            0.006733,            0.006733,            0.006733
                  68,           0.0083892,            0.003846,            0.029699,             0.51411,              0.7819,             0.60713,             0.59744,           0.0034293,           0.0015732,            0.018969,           0.0066835,           0.0066835,           0.0066835
                  69,           0.0084631,           0.0038446,            0.029873,             0.51292,             0.78814,             0.60833,             0.59832,           0.0034283,           0.0015732,            0.018956,            0.006634,            0.006634,            0.006634
                  70,           0.0084108,           0.0038003,            0.029626,             0.51435,             0.78751,             0.60971,             0.59963,           0.0034256,           0.0015739,             0.01894,           0.0065845,           0.0065845,           0.0065845
                  71,           0.0084792,           0.0038633,            0.029838,             0.51432,             0.79007,             0.61049,             0.60076,           0.0034278,           0.0015739,            0.018933,            0.006535,            0.006535,            0.006535
                  72,            0.008378,           0.0038172,            0.029696,             0.51275,             0.78881,             0.61024,              0.6005,           0.0034274,           0.0015737,            0.018939,           0.0064855,           0.0064855,           0.0064855
                  73,           0.0082975,           0.0038262,            0.029775,             0.51276,             0.79011,             0.61044,             0.60098,           0.0034285,           0.0015738,            0.018935,            0.006436,            0.006436,            0.006436
                  74,           0.0083535,           0.0038431,            0.029698,             0.51366,             0.78588,             0.61027,             0.60081,           0.0034303,           0.0015716,            0.018935,           0.0063865,           0.0063865,           0.0063865
                  75,           0.0082845,           0.0037882,            0.029657,             0.51194,             0.78571,             0.61011,             0.60057,           0.0034288,           0.0015698,             0.01893,            0.006337,            0.006337,            0.006337
                  76,           0.0083628,           0.0038004,            0.029609,             0.50996,             0.78982,             0.60991,             0.60031,           0.0034275,           0.0015701,            0.018922,           0.0062875,           0.0062875,           0.0062875
                  77,            0.008251,           0.0038435,             0.02965,             0.51257,             0.78232,             0.60996,             0.60046,           0.0034284,           0.0015694,            0.018915,            0.006238,            0.006238,            0.006238
                  78,           0.0083259,           0.0037935,            0.029607,              0.5123,             0.78067,             0.60997,              0.6005,            0.003428,           0.0015684,            0.018907,           0.0061885,           0.0061885,           0.0061885
                  79,            0.008301,           0.0038124,             0.02966,             0.51234,             0.77996,             0.61064,             0.60091,           0.0034291,           0.0015693,              0.0189,            0.006139,            0.006139,            0.006139
                  80,           0.0082644,           0.0037706,            0.029384,             0.51044,             0.78264,             0.61082,              0.6011,           0.0034293,           0.0015687,            0.018893,           0.0060895,           0.0060895,           0.0060895
                  81,           0.0082419,           0.0038037,            0.029516,             0.51328,              0.7807,             0.61097,             0.60123,           0.0034278,           0.0015676,            0.018887,             0.00604,             0.00604,             0.00604
                  82,           0.0082801,           0.0038206,            0.029621,             0.51387,             0.77938,             0.61095,             0.60119,           0.0034263,           0.0015683,            0.018882,           0.0059905,           0.0059905,           0.0059905
                  83,           0.0081697,           0.0037952,            0.029614,             0.51311,             0.77891,             0.61121,             0.60152,           0.0034248,           0.0015675,            0.018872,            0.005941,            0.005941,            0.005941
                  84,           0.0082083,           0.0037997,            0.029527,             0.51366,             0.77618,             0.61153,             0.60194,           0.0034248,           0.0015674,             0.01887,           0.0058915,           0.0058915,           0.0058915
                  85,           0.0081735,           0.0038013,             0.02947,              0.5151,             0.77363,              0.6119,             0.60222,            0.003425,           0.0015674,            0.018864,            0.005842,            0.005842,            0.005842
                  86,           0.0082928,           0.0037914,            0.029667,             0.51681,             0.77074,             0.61187,             0.60238,           0.0034236,           0.0015677,            0.018857,           0.0057925,           0.0057925,           0.0057925
                  87,           0.0081797,           0.0037723,            0.029516,             0.51713,             0.77151,             0.61235,             0.60277,           0.0034235,           0.0015678,            0.018851,            0.005743,            0.005743,            0.005743
                  88,           0.0081598,           0.0037502,            0.029553,             0.51777,              0.7717,             0.61241,              0.6028,           0.0034228,           0.0015678,            0.018849,           0.0056935,           0.0056935,           0.0056935
                  89,           0.0081037,           0.0037431,            0.029691,             0.51638,             0.77766,             0.61247,             0.60293,           0.0034216,           0.0015679,            0.018846,            0.005644,            0.005644,            0.005644
                  90,           0.0081251,           0.0037777,            0.029373,             0.51701,             0.77416,             0.61251,              0.6029,           0.0034207,           0.0015677,             0.01884,           0.0055945,           0.0055945,           0.0055945
                  91,           0.0080655,           0.0037268,            0.029599,             0.51782,             0.77494,             0.61278,             0.60313,           0.0034198,           0.0015677,            0.018829,            0.005545,            0.005545,            0.005545
                  92,           0.0081042,           0.0037225,            0.029663,             0.51824,             0.77377,             0.61315,             0.60355,           0.0034181,           0.0015679,            0.018822,           0.0054955,           0.0054955,           0.0054955
                  93,           0.0082095,           0.0037466,            0.029581,             0.52195,             0.77126,              0.6137,             0.60393,           0.0034178,           0.0015678,            0.018818,            0.005446,            0.005446,            0.005446
                  94,           0.0080751,           0.0037942,            0.029568,             0.52274,             0.77029,              0.6141,             0.60438,           0.0034166,           0.0015677,            0.018813,           0.0053965,           0.0053965,           0.0053965
                  95,             0.00804,           0.0037385,            0.029525,             0.52216,             0.77121,             0.61438,             0.60481,           0.0034145,           0.0015672,            0.018806,            0.005347,            0.005347,            0.005347
                  96,           0.0081127,           0.0037724,            0.029579,             0.52363,             0.76995,             0.61453,             0.60492,           0.0034133,           0.0015676,            0.018798,           0.0052975,           0.0052975,           0.0052975
                  97,           0.0081601,           0.0037321,            0.029412,             0.52294,             0.77141,             0.61467,             0.60509,           0.0034126,           0.0015673,            0.018791,            0.005248,            0.005248,            0.005248
                  98,           0.0080071,           0.0037694,            0.029509,              0.5234,             0.77227,             0.61487,             0.60537,           0.0034126,           0.0015683,            0.018789,           0.0051985,           0.0051985,           0.0051985
                  99,           0.0080862,           0.0037498,            0.029322,             0.52518,             0.76955,             0.61495,             0.60546,           0.0034117,           0.0015688,            0.018787,            0.005149,            0.005149,            0.005149
                 100,            0.007973,           0.0037325,             0.02953,             0.52313,              0.7718,             0.61507,             0.60548,           0.0034113,           0.0015698,            0.018783,           0.0050995,           0.0050995,           0.0050995
                 101,           0.0079905,           0.0037459,            0.029308,             0.52399,             0.77054,             0.61553,             0.60613,            0.003411,           0.0015698,            0.018778,             0.00505,             0.00505,             0.00505
                 102,           0.0080144,           0.0037515,            0.029522,             0.52221,             0.77342,             0.61566,             0.60618,           0.0034105,           0.0015702,            0.018775,           0.0050005,           0.0050005,           0.0050005
                 103,           0.0079695,           0.0037177,              0.0293,             0.52386,             0.77092,             0.61587,             0.60635,           0.0034108,             0.00157,             0.01877,            0.004951,            0.004951,            0.004951
                 104,           0.0079393,           0.0037016,              0.0293,             0.52386,             0.77073,             0.61613,             0.60671,           0.0034106,             0.00157,            0.018764,           0.0049015,           0.0049015,           0.0049015
                 105,           0.0079549,           0.0037131,            0.029214,              0.5229,             0.77347,             0.61631,             0.60693,           0.0034101,           0.0015702,             0.01876,            0.004852,            0.004852,            0.004852
                 106,           0.0079016,           0.0036959,            0.029526,             0.51951,             0.77831,             0.61653,             0.60713,            0.003411,           0.0015704,            0.018756,           0.0048025,           0.0048025,           0.0048025
                 107,           0.0079277,            0.003724,            0.029326,             0.51897,             0.77976,             0.61643,             0.60712,           0.0034108,           0.0015695,            0.018753,            0.004753,            0.004753,            0.004753
                 108,           0.0079232,           0.0037136,            0.029295,             0.52064,             0.77861,              0.6166,             0.60735,            0.003411,           0.0015686,            0.018747,           0.0047035,           0.0047035,           0.0047035
                 109,           0.0078847,           0.0036918,            0.029183,             0.52082,             0.77894,             0.61673,             0.60749,           0.0034109,           0.0015686,            0.018741,            0.004654,            0.004654,            0.004654
                 110,           0.0079239,           0.0036836,            0.029219,             0.51982,             0.78081,             0.61703,             0.60768,           0.0034103,           0.0015678,            0.018737,           0.0046045,           0.0046045,           0.0046045
                 111,           0.0079026,           0.0036925,            0.029191,             0.51975,             0.78166,              0.6172,             0.60783,           0.0034101,           0.0015674,            0.018735,            0.004555,            0.004555,            0.004555
                 112,           0.0078965,           0.0036914,            0.029262,             0.51872,             0.78343,             0.61762,             0.60825,           0.0034102,            0.001567,            0.018732,           0.0045055,           0.0045055,           0.0045055
                 113,             0.00785,           0.0036907,            0.029249,             0.52127,             0.77976,             0.61766,             0.60828,           0.0034105,           0.0015671,            0.018729,            0.004456,            0.004456,            0.004456
                 114,           0.0078428,           0.0036588,             0.02922,              0.5202,              0.7824,             0.61791,             0.60862,           0.0034112,           0.0015669,            0.018725,           0.0044065,           0.0044065,           0.0044065
                 115,           0.0078556,           0.0036904,            0.029165,             0.52133,             0.78135,             0.61815,             0.60882,           0.0034119,           0.0015666,            0.018717,            0.004357,            0.004357,            0.004357
                 116,           0.0078192,           0.0036653,            0.029375,             0.52202,             0.78018,             0.61839,             0.60893,           0.0034121,           0.0015664,            0.018711,           0.0043075,           0.0043075,           0.0043075
                 117,           0.0078083,           0.0036723,            0.029167,             0.52253,             0.78035,             0.61901,             0.60957,           0.0034116,            0.001566,            0.018705,            0.004258,            0.004258,            0.004258
                 118,           0.0077863,           0.0036545,            0.029126,              0.5222,              0.7814,              0.6191,             0.60971,           0.0034106,            0.001566,              0.0187,           0.0042085,           0.0042085,           0.0042085
                 119,           0.0077936,            0.003706,            0.029252,              0.5215,             0.78264,             0.61952,             0.61014,            0.003411,           0.0015653,            0.018696,            0.004159,            0.004159,            0.004159
                 120,           0.0078115,           0.0036744,             0.02918,             0.52147,             0.78242,             0.61976,             0.61032,           0.0034104,            0.001565,            0.018692,           0.0041095,           0.0041095,           0.0041095
                 121,           0.0077743,           0.0036777,            0.029211,             0.52131,              0.7828,             0.61981,             0.61052,           0.0034104,           0.0015644,            0.018688,             0.00406,             0.00406,             0.00406
                 122,           0.0077492,           0.0036839,            0.028946,             0.52067,              0.7841,             0.62003,             0.61057,           0.0034114,           0.0015643,            0.018685,           0.0040105,           0.0040105,           0.0040105
                 123,            0.007727,           0.0036788,            0.029111,             0.52042,             0.78367,             0.62035,             0.61089,           0.0034126,            0.001564,            0.018681,            0.003961,            0.003961,            0.003961
                 124,           0.0077353,           0.0036838,            0.029037,             0.52029,              0.7841,             0.62046,               0.611,           0.0034133,           0.0015643,            0.018676,           0.0039115,           0.0039115,           0.0039115
                 125,           0.0076828,           0.0036546,            0.029063,             0.52109,             0.78347,             0.62064,             0.61119,           0.0034136,           0.0015647,            0.018672,            0.003862,            0.003862,            0.003862
                 126,           0.0076497,           0.0036398,            0.028902,             0.52156,             0.78406,              0.6211,             0.61178,           0.0034145,           0.0015649,            0.018667,           0.0038125,           0.0038125,           0.0038125
                 127,           0.0076018,           0.0036713,            0.028967,             0.52212,             0.78377,             0.62129,             0.61179,           0.0034146,           0.0015644,            0.018662,            0.003763,            0.003763,            0.003763
                 128,           0.0076537,           0.0036514,            0.028989,             0.52327,             0.78254,             0.62151,              0.6121,           0.0034147,           0.0015642,            0.018656,           0.0037135,           0.0037135,           0.0037135
                 129,           0.0076153,           0.0036399,            0.028991,             0.52288,             0.78253,             0.62175,             0.61222,           0.0034142,           0.0015637,             0.01865,            0.003664,            0.003664,            0.003664
                 130,           0.0076361,           0.0036638,            0.028878,              0.5222,             0.78479,             0.62183,             0.61225,           0.0034154,           0.0015635,            0.018644,           0.0036145,           0.0036145,           0.0036145
                 131,           0.0076148,           0.0036446,            0.028962,             0.52266,             0.78529,               0.622,             0.61252,           0.0034146,           0.0015637,             0.01864,            0.003565,            0.003565,            0.003565
                 132,           0.0076351,           0.0036197,            0.028909,             0.52204,             0.78657,             0.62218,             0.61269,           0.0034149,           0.0015636,            0.018634,           0.0035155,           0.0035155,           0.0035155
                 133,            0.007589,           0.0036461,            0.028903,             0.52188,             0.78871,             0.62252,             0.61309,           0.0034155,           0.0015622,             0.01863,            0.003466,            0.003466,            0.003466
                 134,           0.0075708,           0.0036079,            0.029017,             0.52116,             0.78941,             0.62263,             0.61319,           0.0034143,           0.0015614,            0.018623,           0.0034165,           0.0034165,           0.0034165
                 135,           0.0075551,           0.0036197,            0.028862,             0.52128,             0.78976,             0.62283,              0.6134,           0.0034155,           0.0015614,            0.018619,            0.003367,            0.003367,            0.003367
                 136,           0.0075091,           0.0035767,            0.028863,             0.52084,             0.79104,             0.62319,             0.61384,           0.0034162,           0.0015616,            0.018614,           0.0033175,           0.0033175,           0.0033175
                 137,             0.00754,           0.0036312,            0.028852,             0.52078,             0.79076,             0.62324,             0.61385,           0.0034157,           0.0015615,            0.018609,            0.003268,            0.003268,            0.003268
                 138,           0.0074872,           0.0036266,            0.028796,             0.52153,             0.78964,             0.62372,             0.61422,           0.0034158,           0.0015617,            0.018602,           0.0032185,           0.0032185,           0.0032185
                 139,           0.0075877,           0.0035961,            0.028797,             0.52167,             0.79008,             0.62398,             0.61442,           0.0034162,           0.0015614,            0.018598,            0.003169,            0.003169,            0.003169
                 140,            0.007483,            0.003611,            0.028844,             0.52275,             0.78764,             0.62428,             0.61471,           0.0034172,           0.0015608,            0.018591,           0.0031195,           0.0031195,           0.0031195
                 141,           0.0074763,           0.0036057,            0.028797,             0.52304,             0.78842,             0.62475,             0.61513,           0.0034178,           0.0015612,            0.018581,             0.00307,             0.00307,             0.00307
                 142,           0.0075223,           0.0035867,             0.02874,             0.52293,             0.78857,             0.62504,             0.61536,           0.0034191,            0.001561,            0.018575,           0.0030205,           0.0030205,           0.0030205
                 143,           0.0075273,           0.0035917,            0.028681,             0.52277,             0.78841,             0.62536,             0.61569,           0.0034194,           0.0015606,             0.01857,            0.002971,            0.002971,            0.002971
                 144,            0.007452,           0.0036162,             0.02862,             0.52614,             0.78303,             0.62566,             0.61595,           0.0034207,           0.0015599,            0.018562,           0.0029215,           0.0029215,           0.0029215
                 145,           0.0074283,            0.003581,            0.028765,             0.52551,             0.78496,             0.62603,             0.61627,           0.0034222,           0.0015591,            0.018556,            0.002872,            0.002872,            0.002872
                 146,           0.0074666,           0.0036019,            0.028585,             0.52689,              0.7846,             0.62638,             0.61661,           0.0034242,           0.0015592,            0.018549,           0.0028225,           0.0028225,           0.0028225
                 147,           0.0073933,           0.0035395,            0.028695,             0.52708,              0.7855,             0.62663,             0.61694,           0.0034255,           0.0015586,            0.018542,            0.002773,            0.002773,            0.002773
                 148,           0.0074765,             0.00359,            0.028737,             0.52607,             0.78724,             0.62686,             0.61686,           0.0034271,            0.001558,            0.018535,           0.0027235,           0.0027235,           0.0027235
                 149,           0.0074145,           0.0035835,            0.028475,             0.52683,               0.785,             0.62717,             0.61722,           0.0034275,           0.0015579,            0.018528,            0.002674,            0.002674,            0.002674
                 150,           0.0073902,           0.0035455,            0.028602,             0.52679,             0.78552,             0.62725,             0.61737,           0.0034291,           0.0015572,            0.018525,           0.0026245,           0.0026245,           0.0026245
                 151,           0.0073298,           0.0035665,            0.028707,             0.52751,             0.78598,             0.62738,             0.61738,             0.00343,           0.0015574,            0.018517,            0.002575,            0.002575,            0.002575
                 152,           0.0073684,           0.0035655,            0.028505,             0.52792,             0.78725,             0.62769,             0.61784,           0.0034311,           0.0015577,            0.018511,           0.0025255,           0.0025255,           0.0025255
                 153,           0.0073746,           0.0035954,            0.028366,             0.53111,             0.78318,             0.62806,             0.61826,            0.003432,           0.0015569,            0.018505,            0.002476,            0.002476,            0.002476
                 154,            0.007281,            0.003563,            0.028575,             0.52959,             0.78763,             0.62855,             0.61867,           0.0034333,           0.0015564,            0.018497,           0.0024265,           0.0024265,           0.0024265
                 155,           0.0072808,           0.0035186,            0.028498,             0.53082,             0.78719,             0.62891,             0.61916,           0.0034337,           0.0015562,            0.018491,            0.002377,            0.002377,            0.002377
                 156,           0.0073104,           0.0035265,            0.028243,             0.53128,             0.78587,             0.62898,             0.61914,           0.0034357,           0.0015565,            0.018484,           0.0023275,           0.0023275,           0.0023275
                 157,           0.0073089,           0.0035394,            0.028542,             0.53205,             0.78503,             0.62927,             0.61931,           0.0034378,           0.0015565,            0.018478,            0.002278,            0.002278,            0.002278
                 158,           0.0072744,           0.0035498,            0.028352,             0.53237,             0.78497,             0.62967,             0.61976,           0.0034395,           0.0015567,            0.018472,           0.0022285,           0.0022285,           0.0022285
                 159,           0.0072629,           0.0035375,            0.028316,             0.53229,             0.78571,             0.62999,             0.62008,           0.0034412,           0.0015572,            0.018465,            0.002179,            0.002179,            0.002179
                 160,           0.0072138,           0.0035025,            0.028317,             0.53283,             0.78468,             0.63036,             0.62038,           0.0034431,           0.0015575,            0.018459,           0.0021295,           0.0021295,           0.0021295
                 161,           0.0072647,           0.0035129,            0.028402,             0.53285,             0.78468,              0.6304,              0.6204,           0.0034448,           0.0015578,            0.018453,             0.00208,             0.00208,             0.00208
                 162,           0.0071967,           0.0035139,            0.028329,              0.5315,             0.78939,             0.63065,             0.62059,           0.0034491,           0.0015585,            0.018447,           0.0020305,           0.0020305,           0.0020305
                 163,           0.0071813,            0.003489,            0.028283,             0.53299,             0.78632,             0.63074,             0.62078,           0.0034505,           0.0015588,             0.01844,            0.001981,            0.001981,            0.001981
                 164,             0.00718,           0.0034876,            0.028241,             0.53253,              0.7876,             0.63118,             0.62126,             0.00345,            0.001559,            0.018432,           0.0019315,           0.0019315,           0.0019315
                 165,           0.0072165,           0.0034956,            0.028251,             0.53269,               0.787,             0.63155,             0.62165,           0.0034508,           0.0015592,            0.018426,            0.001882,            0.001882,            0.001882
                 166,           0.0071723,           0.0035102,              0.0282,             0.53435,             0.78452,             0.63178,             0.62199,           0.0034535,           0.0015596,             0.01842,           0.0018325,           0.0018325,           0.0018325
                 167,           0.0071665,           0.0034962,             0.02804,             0.53294,             0.78617,             0.63216,             0.62221,            0.003454,           0.0015591,            0.018412,            0.001783,            0.001783,            0.001783
                 168,           0.0071718,           0.0034781,            0.028007,             0.53401,             0.78519,             0.63234,              0.6227,           0.0034556,           0.0015595,            0.018406,           0.0017335,           0.0017335,           0.0017335
                 169,           0.0070957,           0.0034898,            0.028184,             0.53478,             0.78456,              0.6327,              0.6231,           0.0034576,           0.0015597,            0.018395,            0.001684,            0.001684,            0.001684
                 170,            0.007062,           0.0034673,            0.028031,             0.53451,             0.78463,             0.63301,              0.6233,           0.0034597,           0.0015605,            0.018386,           0.0016345,           0.0016345,           0.0016345
                 171,           0.0070601,           0.0034784,            0.028136,              0.5345,             0.78587,             0.63328,             0.62351,           0.0034609,           0.0015609,            0.018378,            0.001585,            0.001585,            0.001585
                 172,           0.0069882,           0.0034487,            0.028038,             0.53595,             0.78437,             0.63382,             0.62412,           0.0034625,           0.0015613,            0.018369,           0.0015355,           0.0015355,           0.0015355
                 173,           0.0069986,           0.0034665,            0.028029,             0.53655,             0.78361,             0.63417,             0.62442,            0.003463,           0.0015616,            0.018362,            0.001486,            0.001486,            0.001486
                 174,           0.0070059,           0.0034543,            0.028056,             0.53643,             0.78557,             0.63453,             0.62473,           0.0034643,           0.0015615,            0.018354,           0.0014365,           0.0014365,           0.0014365
                 175,           0.0069885,           0.0034473,            0.027805,             0.53639,              0.7853,             0.63499,             0.62521,           0.0034659,           0.0015627,            0.018346,            0.001387,            0.001387,            0.001387
                 176,           0.0070066,           0.0034514,            0.028012,             0.53575,             0.78625,             0.63521,             0.62537,           0.0034664,            0.001563,            0.018341,           0.0013375,           0.0013375,           0.0013375
                 177,           0.0068697,           0.0034693,            0.027907,             0.53673,             0.78567,             0.63549,             0.62555,           0.0034676,           0.0015635,            0.018332,            0.001288,            0.001288,            0.001288
                 178,            0.006948,           0.0034567,            0.027932,             0.53695,              0.7875,             0.63582,             0.62581,           0.0034685,           0.0015639,            0.018325,           0.0012385,           0.0012385,           0.0012385
                 179,           0.0069536,           0.0034387,            0.027628,             0.53797,             0.78743,             0.63614,             0.62603,           0.0034693,           0.0015646,            0.018315,            0.001189,            0.001189,            0.001189
                 180,           0.0069046,            0.003429,            0.027701,             0.53778,             0.78746,             0.63647,             0.62647,           0.0034689,           0.0015649,            0.018306,           0.0011395,           0.0011395,           0.0011395
                 181,           0.0068434,           0.0034227,            0.027619,             0.53745,             0.78927,             0.63664,              0.6264,           0.0034721,           0.0015653,            0.018299,             0.00109,             0.00109,             0.00109
                 182,           0.0069221,           0.0034361,            0.027723,             0.53794,             0.78966,             0.63697,             0.62692,           0.0034723,           0.0015655,            0.018291,           0.0010405,           0.0010405,           0.0010405
                 183,           0.0068571,           0.0034059,            0.027598,             0.53829,             0.78864,             0.63717,             0.62726,           0.0034728,           0.0015661,            0.018284,            0.000991,            0.000991,            0.000991
                 184,           0.0068331,           0.0034178,            0.027523,             0.53902,             0.78878,             0.63757,             0.62751,           0.0034744,           0.0015668,            0.018276,           0.0009415,           0.0009415,           0.0009415
                 185,           0.0068468,           0.0034023,            0.027512,             0.54019,             0.78677,             0.63786,             0.62788,           0.0034766,           0.0015665,            0.018271,            0.000892,            0.000892,            0.000892
                 186,           0.0068405,           0.0033998,            0.027374,             0.53901,             0.78901,             0.63826,             0.62822,           0.0034763,           0.0015663,            0.018262,           0.0008425,           0.0008425,           0.0008425
                 187,           0.0068053,           0.0034236,            0.027451,             0.54982,             0.77136,             0.63846,             0.62824,           0.0034767,            0.001567,            0.018255,            0.000793,            0.000793,            0.000793
                 188,            0.006673,           0.0033758,             0.02736,             0.54999,             0.77186,              0.6388,             0.62845,           0.0034787,           0.0015675,            0.018248,           0.0007435,           0.0007435,           0.0007435
                 189,            0.006716,           0.0033798,            0.027383,             0.55022,             0.77218,             0.63913,             0.62871,           0.0034793,           0.0015681,            0.018242,            0.000694,            0.000694,            0.000694
                 190,           0.0066592,           0.0033136,            0.027493,             0.54228,             0.78706,              0.6395,             0.62928,           0.0034811,           0.0015687,            0.018235,           0.0006445,           0.0006445,           0.0006445
                 191,           0.0067007,           0.0033509,            0.027213,             0.54388,              0.7856,             0.63979,             0.62965,           0.0034804,           0.0015685,            0.018228,            0.000595,            0.000595,            0.000595
                 192,           0.0066624,           0.0033216,            0.027168,             0.54456,               0.785,             0.64014,             0.62994,           0.0034806,           0.0015687,            0.018221,           0.0005455,           0.0005455,           0.0005455
                 193,           0.0065945,           0.0033356,            0.027123,             0.54529,             0.78449,             0.64047,             0.63051,           0.0034802,           0.0015687,            0.018214,            0.000496,            0.000496,            0.000496
                 194,           0.0066352,           0.0033522,            0.027256,             0.54677,             0.78025,             0.64076,             0.63077,           0.0034806,           0.0015689,            0.018208,           0.0004465,           0.0004465,           0.0004465
                 195,           0.0066023,           0.0033343,             0.02701,             0.54733,              0.7794,             0.64108,             0.63097,           0.0034809,           0.0015689,            0.018203,            0.000397,            0.000397,            0.000397
                 196,           0.0065548,           0.0033499,            0.026997,             0.54782,              0.7799,             0.64138,             0.63154,           0.0034812,           0.0015687,            0.018196,           0.0003475,           0.0003475,           0.0003475
                 197,           0.0065301,             0.00333,            0.026763,             0.54824,             0.77939,             0.64148,             0.63171,           0.0034804,           0.0015689,            0.018191,            0.000298,            0.000298,            0.000298
                 198,           0.0065053,           0.0033325,             0.02702,             0.54905,              0.7784,             0.64171,             0.63189,             0.00348,           0.0015691,            0.018186,           0.0002485,           0.0002485,           0.0002485
                 199,           0.0065281,           0.0033062,            0.026772,             0.55148,             0.77506,             0.64215,             0.63225,           0.0034802,           0.0015695,             0.01818,            0.000199,            0.000199,            0.000199
